{
  "single_split": {
    "val_acc_dense_tta": 0.9716981132075472,
    "val_acc_knn": 0.9622641509433962,
    "latency_ms": {
      "mean_ms": 76.96677718000046,
      "p50_ms": 76.69026500002474,
      "p90_ms": 79.13363830002709,
      "p99_ms": 80.35447677001457
    }
  },
  "cv_main": {
    "dense_tta": {
      "mean": 97.45,
      "std": 0.71,
      "folds": [
        96.7,
        98.11,
        98.11,
        96.7,
        97.63
      ]
    },
    "knn": {
      "mean": 97.64,
      "std": 0.0,
      "folds": [
        97.64,
        97.64,
        97.64,
        97.64,
        97.63
      ]
    },
    "n_folds": 5,
    "prf_dense": {
      "acc": {
        "mean": 97.45,
        "std": 0.71,
        "folds": [
          96.7,
          98.11,
          98.11,
          96.7,
          97.63
        ]
      },
      "precision_macro": {
        "mean": 97.73,
        "std": 1.28,
        "folds": [
          97.8,
          98.72,
          98.35,
          95.51,
          98.26
        ]
      },
      "recall_macro": {
        "mean": 97.47,
        "std": 0.76,
        "folds": [
          96.89,
          97.99,
          98.35,
          96.52,
          97.62
        ]
      },
      "f1_macro": {
        "mean": 97.16,
        "std": 1.05,
        "folds": [
          96.73,
          97.93,
          98.24,
          95.59,
          97.32
        ]
      },
      "precision_weighted": {
        "mean": 97.81,
        "std": 1.07,
        "folds": [
          97.64,
          98.66,
          98.35,
          96.03,
          98.38
        ]
      },
      "recall_weighted": {
        "mean": 97.45,
        "std": 0.71,
        "folds": [
          96.7,
          98.11,
          98.11,
          96.7,
          97.63
        ]
      },
      "f1_weighted": {
        "mean": 97.2,
        "std": 0.93,
        "folds": [
          96.55,
          97.99,
          98.11,
          95.96,
          97.38
        ]
      }
    },
    "prf_knn": {
      "acc": {
        "mean": 97.64,
        "std": 0.0,
        "folds": [
          97.64,
          97.64,
          97.64,
          97.64,
          97.63
        ]
      },
      "precision_macro": {
        "mean": 98.04,
        "std": 0.49,
        "folds": [
          98.26,
          98.64,
          97.8,
          97.34,
          98.17
        ]
      },
      "recall_macro": {
        "mean": 97.69,
        "std": 0.1,
        "folds": [
          97.62,
          97.62,
          97.8,
          97.62,
          97.8
        ]
      },
      "f1_macro": {
        "mean": 97.48,
        "std": 0.2,
        "folds": [
          97.59,
          97.54,
          97.66,
          97.13,
          97.47
        ]
      },
      "precision_weighted": {
        "mean": 98.08,
        "std": 0.31,
        "folds": [
          98.15,
          98.41,
          97.96,
          97.6,
          98.26
        ]
      },
      "recall_weighted": {
        "mean": 97.64,
        "std": 0.0,
        "folds": [
          97.64,
          97.64,
          97.64,
          97.64,
          97.63
        ]
      },
      "f1_weighted": {
        "mean": 97.46,
        "std": 0.14,
        "folds": [
          97.54,
          97.4,
          97.64,
          97.28,
          97.42
        ]
      }
    }
  },
  "baselines": {
    "MobileNetV3Small": {
      "dense": {
        "mean": 94.71,
        "std": 1.96,
        "folds": [
          92.92,
          95.75,
          97.64,
          93.87,
          93.36
        ]
      },
      "knn": {
        "mean": 94.43,
        "std": 1.68,
        "folds": [
          91.98,
          95.75,
          96.23,
          93.87,
          94.31
        ]
      },
      "prf_knn": {
        "acc": {
          "mean": 94.43,
          "std": 1.68,
          "folds": [
            91.98,
            95.75,
            96.23,
            93.87,
            94.31
          ]
        },
        "precision_macro": {
          "mean": 95.89,
          "std": 1.06,
          "folds": [
            94.56,
            96.89,
            96.98,
            95.16,
            95.88
          ]
        },
        "recall_macro": {
          "mean": 94.8,
          "std": 1.43,
          "folds": [
            93.04,
            95.97,
            96.52,
            93.96,
            94.51
          ]
        },
        "f1_macro": {
          "mean": 94.4,
          "std": 1.64,
          "folds": [
            92.26,
            95.77,
            96.25,
            93.48,
            94.25
          ]
        },
        "precision_weighted": {
          "mean": 95.84,
          "std": 0.96,
          "folds": [
            94.79,
            96.62,
            97.05,
            95.19,
            95.54
          ]
        },
        "recall_weighted": {
          "mean": 94.43,
          "std": 1.68,
          "folds": [
            91.98,
            95.75,
            96.23,
            93.87,
            94.31
          ]
        },
        "f1_weighted": {
          "mean": 94.19,
          "std": 1.74,
          "folds": [
            91.78,
            95.56,
            96.15,
            93.42,
            94.05
          ]
        }
      }
    },
    "EfficientNetB0": {
      "dense": {
        "mean": 94.62,
        "std": 1.73,
        "folds": [
          93.87,
          94.81,
          97.17,
          94.81,
          92.42
        ]
      },
      "knn": {
        "mean": 95.09,
        "std": 1.45,
        "folds": [
          94.34,
          95.75,
          97.17,
          94.81,
          93.36
        ]
      },
      "prf_knn": {
        "acc": {
          "mean": 95.09,
          "std": 1.45,
          "folds": [
            94.34,
            95.75,
            97.17,
            94.81,
            93.36
          ]
        },
        "precision_macro": {
          "mean": 96.15,
          "std": 1.11,
          "folds": [
            95.66,
            96.89,
            97.71,
            94.98,
            95.53
          ]
        },
        "recall_macro": {
          "mean": 95.27,
          "std": 1.48,
          "folds": [
            95.05,
            95.79,
            97.44,
            94.69,
            93.41
          ]
        },
        "f1_macro": {
          "mean": 94.94,
          "std": 1.61,
          "folds": [
            94.67,
            95.58,
            97.28,
            94.21,
            92.98
          ]
        },
        "precision_weighted": {
          "mean": 96.17,
          "std": 1.05,
          "folds": [
            95.81,
            96.78,
            97.68,
            95.11,
            95.48
          ]
        },
        "recall_weighted": {
          "mean": 95.09,
          "std": 1.45,
          "folds": [
            94.34,
            95.75,
            97.17,
            94.81,
            93.36
          ]
        },
        "f1_weighted": {
          "mean": 94.86,
          "std": 1.57,
          "folds": [
            94.34,
            95.57,
            97.12,
            94.34,
            92.94
          ]
        }
      }
    }
  },
  "verification": {
    "auc": 0.9715,
    "eer_pct": 6.02,
    "tar_at_far": {
      "0.1": 94.74,
      "0.01": 90.79,
      "0.001": 88.16
    }
  },
  "insightface_dssid": {
    "mean": 91.88,
    "std": 1.22,
    "folds": [
      92.0,
      93.4,
      91.0,
      92.9,
      90.0
    ],
    "prf": {
      "acc": {
        "mean": 91.88,
        "std": 1.37,
        "folds": [
          91.98,
          93.4,
          91.04,
          92.92,
          90.05
        ]
      },
      "precision_macro": {
        "mean": 93.07,
        "std": 1.38,
        "folds": [
          92.86,
          94.32,
          92.16,
          94.62,
          91.41
        ]
      },
      "recall_macro": {
        "mean": 91.85,
        "std": 1.26,